{
  "project_info": {
    "project_number": "819486995611",
    "project_id": "fluttertofirebase-3168b",
    "storage_bucket": "fluttertofirebase-3168b.appspot.com"
  },
  "client": [
    {
      "client_info": {
        "mobilesdk_app_id": "1:819486995611:android:2f4941cd8af6b12fe7023e",
        "android_client_info": {
          "package_name": "com.example.fluttertofirebase"
        }
      },
      "oauth_client": [
        {
          "client_id": "819486995611-h0mbr8569l3ho7ip5mtc7kfmimeoav5e.apps.googleusercontent.com",
          "client_type": 1,
          "android_info": {
            "package_name": "com.example.fluttertofirebase",
            "certificate_hash": "f0ec35ec72eaf373f7e5229414f8f1a8be1db5e0"
          }
        },
        {
          "client_id": "819486995611-e8hp53r14pdjt06cvb7h8mu3qp6vv0cq.apps.googleusercontent.com",
          "client_type": 3
        }
      ],
      "api_key": [
        {
          "current_key": "AIzaSyDWCVpckEkX_olj5BwglUK50sHC93azeKw"
        }
      ],
      "services": {
        "appinvite_service": {
          "other_platform_oauth_client": [
            {
              "client_id": "819486995611-e8hp53r14pdjt06cvb7h8mu3qp6vv0cq.apps.googleusercontent.com",
              "client_type": 3
            }
          ]
        }
      }
    }
  ],
  "configuration_version": "1"
}